id,sales_person,country,product,order_date,amount,boxes_shipped
1,Jehu Rudeforth,UK,Mint Chip Choco,04-01-2022,5320,180
2,Van Tuxwell,India,85% Dark Bars,01-08-2022,7896,94
3,Gigi Bohling,India,Peanut Butter Cubes,07-07-2022,4501,91
4,Jan Morforth,Australia,Peanut Butter Cubes,27-04-2022,12726,342
5,Jehu Rudeforth,UK,Peanut Butter Cubes,24-02-2022,13685,184
6,Van Tuxwell,India,Smooth Sliky Salty,06-06-2022,5376,38
7,Oby Sorrel,UK,99% Dark & Pure,25-01-2022,13685,176
8,Gunar Cockshoot,Australia,After Nines,24-03-2022,3080,73
9,Jehu Rudeforth,New Zealand,50% Dark Bites,20-04-2022,3990,59
10,Brien Boise,Australia,99% Dark & Pure,04-07-2022,2835,102
11,Rafaelita Blaksland,UK,Smooth Sliky Salty,13-01-2022,4704,62
12,Barr Faughny,USA,Orange Choco,10-03-2022,3703,11
13,Mallorie Waber,Canada,Eclairs,13-01-2022,1442,286
14,Karlen McCaffrey,New Zealand,Drinking Coco,28-07-2022,168,156
15,Marney O'Breen,New Zealand,Peanut Butter Cubes,03-08-2022,8379,173
16,Beverie Moffet,Australia,Organic Choco Syrup,26-01-2022,6790,356
17,Van Tuxwell,Canada,Organic Choco Syrup,14-02-2022,4067,42
18,Roddy Speechley,USA,Smooth Sliky Salty,05-04-2022,3017,140
19,Beverie Moffet,Canada,Milk Bars,16-02-2022,8799,250
20,Curtice Advani,UK,85% Dark Bars,08-06-2022,1085,172
21,Brien Boise,Australia,Eclairs,27-06-2022,6888,88
22,Gunar Cockshoot,USA,Spicy Special Slims,17-02-2022,1267,157
23,Marney O'Breen,USA,After Nines,30-05-2022,4753,163
24,Husein Augar,UK,Drinking Coco,14-03-2022,3003,113
25,Kaine Padly,Australia,Eclairs,28-02-2022,7672,115
26,Karlen McCaffrey,India,Fruit & Nut Bars,26-01-2022,168,321
27,Roddy Speechley,Canada,Spicy Special Slims,09-02-2022,1652,186
28,Husein Augar,USA,Eclairs,07-07-2022,4025,112
29,Dennison Crosswaite,New Zealand,White Choc,05-07-2022,9492,151
30,Dennison Crosswaite,New Zealand,Manuka Honey Choco,15-06-2022,5061,301
31,Van Tuxwell,New Zealand,85% Dark Bars,24-05-2022,1722,121
32,Rafaelita Blaksland,UK,99% Dark & Pure,29-06-2022,12446,150
33,Wilone O'Kielt,Australia,Manuka Honey Choco,11-05-2022,4284,94
34,Karlen McCaffrey,UK,Almond Choco,30-06-2022,6839,133
35,Andria Kimpton,Canada,After Nines,11-05-2022,2163,70
36,Roddy Speechley,USA,Manuka Honey Choco,22-07-2022,9583,315
37,Andria Kimpton,UK,50% Dark Bites,24-08-2022,2653,314
38,Kelci Walkden,New Zealand,After Nines,07-07-2022,147,72
39,Camilla Castle,Australia,85% Dark Bars,19-05-2022,3654,14
40,Karlen McCaffrey,India,Manuka Honey Choco,04-07-2022,2443,581
41,Kelci Walkden,USA,After Nines,02-06-2022,938,16
42,Karlen McCaffrey,USA,Raspberry Choco,15-04-2022,14749,354
43,Mallorie Waber,Canada,Choco Coated Almonds,11-07-2022,4781,241
44,Andria Kimpton,India,Spicy Special Slims,23-02-2022,6307,142
45,Madelene Upcott,Canada,Almond Choco,22-08-2022,7602,102
46,Kaine Padly,USA,Peanut Butter Cubes,16-02-2022,6790,188
47,Van Tuxwell,USA,50% Dark Bites,13-01-2022,9737,160
48,Curtice Advani,Australia,Milk Bars,14-02-2022,6979,18
49,Roddy Speechley,India,Eclairs,10-06-2022,4382,303
50,Curtice Advani,India,Fruit & Nut Bars,07-07-2022,5243,176
51,Curtice Advani,Canada,Almond Choco,24-03-2022,4865,70
52,Brien Boise,Australia,Fruit & Nut Bars,06-06-2022,8575,23
53,Dotty Strutley,Australia,Drinking Coco,19-07-2022,91,135
54,Beverie Moffet,USA,Raspberry Choco,19-04-2022,14798,83
55,Marney O'Breen,India,85% Dark Bars,19-07-2022,2205,179
56,Jehu Rudeforth,Canada,Drinking Coco,15-07-2022,441,24
57,Ches Bonnell,New Zealand,Spicy Special Slims,14-02-2022,3556,18
58,Brien Boise,Canada,99% Dark & Pure,18-05-2022,16793,416
59,Barr Faughny,Australia,Fruit & Nut Bars,30-06-2022,15421,55
60,Andria Kimpton,Australia,50% Dark Bites,02-06-2022,4438,227
61,Andria Kimpton,Australia,Drinking Coco,28-06-2022,1603,48
62,Marney O'Breen,Australia,Organic Choco Syrup,16-05-2022,273,174
63,Kelci Walkden,Canada,Baker's Choco Chips,26-05-2022,3073,302
64,Karlen McCaffrey,India,Almond Choco,06-07-2022,6090,149
65,Oby Sorrel,India,99% Dark & Pure,27-05-2022,10255,11
66,Wilone O'Kielt,Australia,Caramel Stuffed Bars,14-04-2022,2030,11
67,Van Tuxwell,Australia,Organic Choco Syrup,10-08-2022,19453,14
68,Camilla Castle,India,50% Dark Bites,04-07-2022,9275,411
69,Oby Sorrel,India,Organic Choco Syrup,08-07-2022,6181,56
70,Jan Morforth,USA,Peanut Butter Cubes,22-07-2022,9037,102
71,Gigi Bohling,USA,Choco Coated Almonds,02-03-2022,12313,103
72,Gigi Bohling,UK,Almond Choco,10-01-2022,5642,9
73,Jehu Rudeforth,New Zealand,White Choc,11-03-2022,2800,241
74,Andria Kimpton,New Zealand,Peanut Butter Cubes,20-06-2022,959,265
75,Van Tuxwell,UK,Organic Choco Syrup,26-08-2022,2002,214
76,Roddy Speechley,Canada,Milk Bars,13-07-2022,609,32
77,Camilla Castle,USA,Spicy Special Slims,11-02-2022,1274,244
78,Marney O'Breen,USA,Orange Choco,27-01-2022,7595,181
79,Van Tuxwell,UK,99% Dark & Pure,31-01-2022,4725,137
80,Camilla Castle,USA,White Choc,18-08-2022,9681,24
81,Andria Kimpton,USA,Raspberry Choco,30-06-2022,14504,21
82,Dotty Strutley,Australia,Fruit & Nut Bars,23-08-2022,280,311
83,Brien Boise,New Zealand,Mint Chip Choco,01-08-2022,63,181
84,Roddy Speechley,New Zealand,After Nines,25-05-2022,8001,10
85,Roddy Speechley,Canada,Organic Choco Syrup,10-01-2022,4032,82
86,Dennison Crosswaite,Australia,70% Dark Bites,07-02-2022,5859,108
87,Karlen McCaffrey,USA,Orange Choco,12-05-2022,11095,401
88,Madelene Upcott,Australia,Spicy Special Slims,07-03-2022,7182,408
89,Dennison Crosswaite,Australia,85% Dark Bars,05-04-2022,6881,420
90,Andria Kimpton,Canada,Caramel Stuffed Bars,03-01-2022,7154,348
91,Dennison Crosswaite,UK,Eclairs,24-03-2022,6188,270
92,Madelene Upcott,India,Raspberry Choco,07-07-2022,4221,9
93,Van Tuxwell,USA,After Nines,26-07-2022,630,264
94,Wilone O'Kielt,Australia,Organic Choco Syrup,07-07-2022,1743,111
95,Karlen McCaffrey,Canada,50% Dark Bites,15-07-2022,2919,65
96,Roddy Speechley,New Zealand,Orange Choco,01-04-2022,49,97
97,Beverie Moffet,Australia,Eclairs,20-06-2022,1827,6
98,Kelci Walkden,UK,Fruit & Nut Bars,29-06-2022,13006,482
99,Marney O'Breen,USA,50% Dark Bites,15-06-2022,1064,106
100,Husein Augar,USA,After Nines,08-04-2022,11571,180
101,Dennison Crosswaite,Australia,Raspberry Choco,14-03-2022,5740,31
102,Andria Kimpton,USA,Fruit & Nut Bars,15-07-2022,1456,359
103,Kelci Walkden,India,Eclairs,19-04-2022,5334,80
104,Marney O'Breen,USA,99% Dark & Pure,28-03-2022,4151,296
105,Brien Boise,Canada,Spicy Special Slims,04-03-2022,8106,101
106,Karlen McCaffrey,New Zealand,70% Dark Bites,02-08-2022,126,40
107,Husein Augar,UK,Spicy Special Slims,25-08-2022,4697,42
108,Marney O'Breen,USA,Almond Choco,25-02-2022,7798,167
109,Kelci Walkden,India,Orange Choco,07-06-2022,9408,138
110,Jan Morforth,India,Spicy Special Slims,12-04-2022,1939,520
111,Ches Bonnell,India,Spicy Special Slims,06-07-2022,10906,94
112,Kelci Walkden,UK,Smooth Sliky Salty,19-01-2022,5929,175
113,Madelene Upcott,Australia,Fruit & Nut Bars,05-01-2022,5579,92
114,Madelene Upcott,Canada,70% Dark Bites,24-01-2022,10927,141
115,Wilone O'Kielt,Australia,Drinking Coco,06-04-2022,623,283
116,Gunar Cockshoot,Australia,Fruit & Nut Bars,15-06-2022,6013,21
117,Gigi Bohling,Canada,Baker's Choco Chips,28-01-2022,1505,47
118,Kelci Walkden,India,Caramel Stuffed Bars,16-03-2022,476,125
119,Rafaelita Blaksland,Australia,Drinking Coco,21-02-2022,11550,396
120,Kelci Walkden,USA,Manuka Honey Choco,16-02-2022,17318,87
121,Jehu Rudeforth,Canada,Spicy Special Slims,13-01-2022,1848,27
122,Kelci Walkden,Australia,Eclairs,23-03-2022,7273,547
123,Curtice Advani,Canada,Spicy Special Slims,16-06-2022,854,118
124,Oby Sorrel,India,Raspberry Choco,14-04-2022,6832,46
125,Kelci Walkden,UK,Eclairs,25-01-2022,4606,57
126,Jan Morforth,India,Almond Choco,11-03-2022,4466,22
127,Dotty Strutley,UK,Almond Choco,28-07-2022,16114,96
128,Marney O'Breen,New Zealand,After Nines,09-03-2022,1561,44
129,Husein Augar,Australia,Orange Choco,28-06-2022,8897,188
130,Marney O'Breen,Australia,Milk Bars,28-07-2022,2464,387
131,Kelci Walkden,Canada,99% Dark & Pure,15-08-2022,4830,50
132,Kaine Padly,Australia,Manuka Honey Choco,12-01-2022,2765,264
133,Beverie Moffet,New Zealand,White Choc,24-03-2022,7126,7
134,Van Tuxwell,UK,Milk Bars,25-07-2022,4263,90
135,Oby Sorrel,Canada,99% Dark & Pure,01-08-2022,3605,403
136,Van Tuxwell,India,Organic Choco Syrup,16-05-2022,19929,174
137,Roddy Speechley,India,Smooth Sliky Salty,10-08-2022,5103,140
138,Jan Morforth,India,Eclairs,05-01-2022,2541,27
139,Ches Bonnell,UK,Smooth Sliky Salty,11-07-2022,5663,110
140,Wilone O'Kielt,USA,After Nines,25-04-2022,392,30
141,Gigi Bohling,New Zealand,Fruit & Nut Bars,04-04-2022,10976,121
142,Barr Faughny,USA,Raspberry Choco,12-04-2022,9282,101
143,Wilone O'Kielt,New Zealand,85% Dark Bars,02-08-2022,1827,117
144,Gigi Bohling,New Zealand,Manuka Honey Choco,28-06-2022,8267,272
145,Ches Bonnell,Australia,Eclairs,05-07-2022,4116,128
146,Rafaelita Blaksland,New Zealand,Choco Coated Almonds,07-06-2022,2093,45
147,Brien Boise,New Zealand,Smooth Sliky Salty,18-01-2022,1015,27
148,Brien Boise,Australia,Baker's Choco Chips,04-01-2022,12516,212
149,Dennison Crosswaite,Australia,99% Dark & Pure,31-01-2022,2758,18
150,Kelci Walkden,India,Almond Choco,14-03-2022,3297,149
151,Camilla Castle,Australia,70% Dark Bites,29-04-2022,6048,477
152,Oby Sorrel,India,Smooth Sliky Salty,07-02-2022,10101,108
153,Kaine Padly,UK,Organic Choco Syrup,31-03-2022,2282,178
154,Marney O'Breen,India,Caramel Stuffed Bars,16-03-2022,4361,81
155,Karlen McCaffrey,UK,Eclairs,25-01-2022,7798,196
156,Van Tuxwell,India,Baker's Choco Chips,20-06-2022,3052,447
157,Gigi Bohling,UK,After Nines,29-03-2022,8029,175
158,Curtice Advani,Australia,Orange Choco,12-07-2022,854,136
159,Jehu Rudeforth,Canada,Smooth Sliky Salty,11-07-2022,5460,138
160,Karlen McCaffrey,Canada,Smooth Sliky Salty,19-01-2022,3017,184
161,Andria Kimpton,USA,85% Dark Bars,05-04-2022,8911,82
162,Jehu Rudeforth,Canada,Milk Bars,21-02-2022,7203,12
163,Rafaelita Blaksland,New Zealand,Caramel Stuffed Bars,20-05-2022,13083,14
164,Mallorie Waber,Australia,Milk Bars,29-07-2022,2779,104
165,Barr Faughny,USA,Fruit & Nut Bars,28-01-2022,9058,46
166,Marney O'Breen,UK,Caramel Stuffed Bars,19-07-2022,3549,112
167,Mallorie Waber,New Zealand,Manuka Honey Choco,13-04-2022,9436,11
168,Roddy Speechley,India,Peanut Butter Cubes,11-02-2022,10283,21
169,Roddy Speechley,New Zealand,Milk Bars,02-03-2022,5446,116
170,Ches Bonnell,Australia,White Choc,02-03-2022,1043,202
171,Van Tuxwell,USA,99% Dark & Pure,28-07-2022,12586,6
172,Kelci Walkden,India,After Nines,07-01-2022,1687,520
173,Brien Boise,UK,White Choc,12-04-2022,5299,167
174,Van Tuxwell,Canada,Almond Choco,27-06-2022,3213,72
175,Jehu Rudeforth,Australia,50% Dark Bites,14-01-2022,5194,418
176,Karlen McCaffrey,UK,Baker's Choco Chips,07-02-2022,4753,389
177,Jehu Rudeforth,Australia,Orange Choco,23-03-2022,13706,26
178,Marney O'Breen,India,Peanut Butter Cubes,10-01-2022,6489,146
179,Oby Sorrel,UK,Choco Coated Almonds,17-03-2022,9324,41
180,Gigi Bohling,USA,Spicy Special Slims,21-01-2022,10829,54
181,Barr Faughny,Australia,White Choc,04-07-2022,8113,370
182,Kaine Padly,Canada,Peanut Butter Cubes,04-07-2022,3269,176
183,Dotty Strutley,USA,Manuka Honey Choco,10-08-2022,273,210
184,Dennison Crosswaite,Australia,50% Dark Bites,01-04-2022,7287,12
185,Gigi Bohling,India,Raspberry Choco,22-02-2022,2583,159
186,Camilla Castle,UK,White Choc,03-01-2022,9982,187
187,Karlen McCaffrey,India,Drinking Coco,31-05-2022,4795,233
188,Dotty Strutley,UK,99% Dark & Pure,03-01-2022,9310,282
189,Husein Augar,New Zealand,Caramel Stuffed Bars,27-01-2022,497,475
190,Barr Faughny,UK,50% Dark Bites,28-01-2022,581,65
191,Curtice Advani,Australia,Organic Choco Syrup,28-06-2022,3472,311
192,Husein Augar,UK,Choco Coated Almonds,02-03-2022,4333,43
193,Wilone O'Kielt,Australia,After Nines,27-05-2022,3325,26
194,Dennison Crosswaite,USA,Almond Choco,30-06-2022,11718,84
195,Barr Faughny,Canada,Peanut Butter Cubes,07-06-2022,2100,78
196,Kaine Padly,USA,70% Dark Bites,12-05-2022,4018,100
197,Barr Faughny,New Zealand,Raspberry Choco,29-07-2022,6468,66
198,Dennison Crosswaite,UK,White Choc,03-08-2022,7238,265
199,Barr Faughny,India,Baker's Choco Chips,18-08-2022,6454,141
200,Van Tuxwell,New Zealand,Smooth Sliky Salty,14-06-2022,3115,42
201,Beverie Moffet,UK,White Choc,30-06-2022,6475,76
202,Camilla Castle,New Zealand,Mint Chip Choco,13-06-2022,1162,190
203,Ches Bonnell,UK,Orange Choco,27-04-2022,14238,54
204,Jan Morforth,Australia,White Choc,27-07-2022,3472,32
205,Mallorie Waber,Canada,85% Dark Bars,20-04-2022,1428,424
206,Rafaelita Blaksland,India,Spicy Special Slims,04-01-2022,8064,134
207,Ches Bonnell,Australia,Mint Chip Choco,21-02-2022,9660,92
208,Karlen McCaffrey,Australia,White Choc,05-01-2022,7357,48
209,Beverie Moffet,India,Drinking Coco,15-07-2022,6055,46
210,Brien Boise,Australia,Choco Coated Almonds,25-05-2022,5124,62
211,Karlen McCaffrey,Canada,Eclairs,20-04-2022,3479,358
212,Gigi Bohling,USA,99% Dark & Pure,02-06-2022,784,249
213,Marney O'Breen,UK,Smooth Sliky Salty,13-05-2022,18991,88
214,Beverie Moffet,New Zealand,Baker's Choco Chips,03-08-2022,1372,144
215,Beverie Moffet,Australia,Milk Bars,25-05-2022,735,390
216,Van Tuxwell,UK,Raspberry Choco,16-03-2022,6538,79
217,Jan Morforth,Australia,Orange Choco,04-07-2022,3199,122
218,Jehu Rudeforth,India,50% Dark Bites,05-07-2022,3472,135
219,Madelene Upcott,USA,After Nines,15-03-2022,4571,430
220,Barr Faughny,UK,Raspberry Choco,22-08-2022,5481,69
221,Ches Bonnell,Australia,70% Dark Bites,12-01-2022,3136,125
222,Marney O'Breen,UK,Baker's Choco Chips,10-06-2022,252,154
223,Kaine Padly,Australia,Peanut Butter Cubes,25-03-2022,5460,286
224,Rafaelita Blaksland,India,Almond Choco,27-07-2022,3395,99
225,Husein Augar,UK,Caramel Stuffed Bars,15-04-2022,14938,433
226,Roddy Speechley,India,Orange Choco,27-06-2022,4053,19
227,Jehu Rudeforth,UK,70% Dark Bites,14-04-2022,5565,258
228,Husein Augar,Australia,Manuka Honey Choco,15-03-2022,7161,92
229,Madelene Upcott,USA,Eclairs,18-03-2022,8883,200
230,Brien Boise,India,Eclairs,29-04-2022,1351,61
231,Mallorie Waber,New Zealand,White Choc,25-02-2022,3171,246
232,Husein Augar,USA,Milk Bars,02-03-2022,854,56
233,Van Tuxwell,Australia,Milk Bars,20-06-2022,7910,87
234,Beverie Moffet,Canada,White Choc,15-07-2022,9275,173
235,Dotty Strutley,Australia,50% Dark Bites,12-05-2022,3108,252
236,Mallorie Waber,New Zealand,Organic Choco Syrup,01-07-2022,5075,256
237,Husein Augar,USA,85% Dark Bars,08-08-2022,378,54
238,Madelene Upcott,Australia,50% Dark Bites,25-07-2022,7350,6
239,Wilone O'Kielt,UK,Drinking Coco,18-05-2022,3388,55
240,Camilla Castle,India,Peanut Butter Cubes,15-07-2022,11837,277
241,Curtice Advani,India,70% Dark Bites,05-07-2022,2282,44
242,Mallorie Waber,USA,Manuka Honey Choco,04-07-2022,5425,96
243,Dotty Strutley,UK,70% Dark Bites,20-06-2022,1267,216
244,Gunar Cockshoot,Australia,Almond Choco,25-01-2022,3752,424
245,Kaine Padly,New Zealand,Spicy Special Slims,01-07-2022,7728,37
246,Gigi Bohling,USA,50% Dark Bites,13-04-2022,2296,59
247,Beverie Moffet,UK,Smooth Sliky Salty,04-05-2022,4403,76
248,Beverie Moffet,Australia,Baker's Choco Chips,04-08-2022,3192,109
249,Beverie Moffet,India,70% Dark Bites,01-06-2022,448,146
250,Jehu Rudeforth,UK,Choco Coated Almonds,22-04-2022,4270,185
251,Kaine Padly,USA,50% Dark Bites,03-08-2022,70,27
252,Ches Bonnell,USA,Orange Choco,10-06-2022,1743,69
253,Gunar Cockshoot,UK,Manuka Honey Choco,27-06-2022,6762,46
254,Marney O'Breen,Australia,Smooth Sliky Salty,03-01-2022,3745,170
255,Marney O'Breen,India,After Nines,11-07-2022,2639,179
256,Ches Bonnell,New Zealand,Milk Bars,17-08-2022,4389,126
257,Rafaelita Blaksland,USA,Fruit & Nut Bars,18-01-2022,2604,65
258,Ches Bonnell,India,Organic Choco Syrup,08-03-2022,16569,99
259,Mallorie Waber,Australia,Orange Choco,07-03-2022,14658,275
260,Husein Augar,India,70% Dark Bites,09-05-2022,6454,157
261,Barr Faughny,New Zealand,85% Dark Bars,23-05-2022,2100,157
262,Madelene Upcott,UK,Caramel Stuffed Bars,15-04-2022,161,145
263,Gigi Bohling,Australia,Drinking Coco,27-07-2022,2807,139
264,Marney O'Breen,Canada,Choco Coated Almonds,22-08-2022,2639,406
265,Ches Bonnell,USA,70% Dark Bites,11-05-2022,4571,122
266,Madelene Upcott,India,Organic Choco Syrup,26-01-2022,4781,38
267,Barr Faughny,USA,50% Dark Bites,14-04-2022,13034,117
268,Dennison Crosswaite,New Zealand,Mint Chip Choco,05-04-2022,6454,417
269,Marney O'Breen,New Zealand,Smooth Sliky Salty,14-06-2022,8484,57
270,Brien Boise,Canada,Almond Choco,13-04-2022,4781,125
271,Beverie Moffet,Australia,White Choc,27-06-2022,2240,166
272,Dotty Strutley,Australia,Eclairs,26-01-2022,6979,3
273,Barr Faughny,UK,White Choc,05-07-2022,1652,72
274,Beverie Moffet,Canada,Baker's Choco Chips,11-01-2022,13447,95
275,Kelci Walkden,USA,White Choc,07-03-2022,9422,22
276,Kaine Padly,Canada,50% Dark Bites,04-03-2022,8687,100
277,Karlen McCaffrey,Canada,Organic Choco Syrup,15-07-2022,2415,312
278,Kaine Padly,UK,Peanut Butter Cubes,11-05-2022,6272,86
279,Karlen McCaffrey,USA,Milk Bars,27-01-2022,4389,7
280,Karlen McCaffrey,India,Orange Choco,27-06-2022,3122,149
281,Ches Bonnell,India,Smooth Sliky Salty,03-08-2022,8043,18
282,Wilone O'Kielt,New Zealand,Mint Chip Choco,19-08-2022,11662,242
283,Wilone O'Kielt,Australia,Fruit & Nut Bars,15-06-2022,392,102
284,Dennison Crosswaite,UK,Peanut Butter Cubes,07-02-2022,8925,158
285,Karlen McCaffrey,Australia,Almond Choco,08-07-2022,7294,128
286,Dennison Crosswaite,India,Milk Bars,21-04-2022,1526,96
287,Ches Bonnell,UK,Mint Chip Choco,08-04-2022,2688,209
288,Husein Augar,Australia,50% Dark Bites,19-08-2022,14889,52
289,Jan Morforth,India,Fruit & Nut Bars,04-05-2022,2912,55
290,Mallorie Waber,USA,85% Dark Bars,11-05-2022,2632,108
291,Mallorie Waber,USA,Eclairs,22-03-2022,6328,51
292,Dennison Crosswaite,Canada,Spicy Special Slims,10-08-2022,2527,216
293,Dennison Crosswaite,USA,Fruit & Nut Bars,04-05-2022,1414,318
294,Kelci Walkden,USA,99% Dark & Pure,18-08-2022,7714,238
295,Dotty Strutley,Canada,Raspberry Choco,03-08-2022,4347,238
296,Marney O'Breen,New Zealand,Milk Bars,14-01-2022,7490,315
297,Madelene Upcott,Australia,Choco Coated Almonds,08-04-2022,2058,72
298,Kelci Walkden,UK,Orange Choco,01-08-2022,3640,3
299,Dennison Crosswaite,Canada,Eclairs,15-03-2022,455,45
300,Karlen McCaffrey,India,Mint Chip Choco,15-07-2022,10990,184
301,Barr Faughny,New Zealand,Almond Choco,13-01-2022,5558,127
302,Mallorie Waber,Australia,85% Dark Bars,26-08-2022,2541,53
303,Ches Bonnell,Canada,Eclairs,10-01-2022,1876,172
304,Gigi Bohling,Australia,White Choc,11-05-2022,5523,87
305,Beverie Moffet,New Zealand,85% Dark Bars,30-08-2022,11200,22
306,Kaine Padly,USA,Caramel Stuffed Bars,21-07-2022,5593,122
307,Mallorie Waber,Australia,Almond Choco,01-08-2022,7882,125
308,Brien Boise,Canada,85% Dark Bars,17-02-2022,10241,259
309,Brien Boise,Australia,Drinking Coco,27-07-2022,6832,156
310,Dotty Strutley,USA,Orange Choco,23-02-2022,1379,107
311,Rafaelita Blaksland,Australia,50% Dark Bites,22-03-2022,3010,40
312,Dennison Crosswaite,India,99% Dark & Pure,23-06-2022,6888,311
313,Curtice Advani,UK,White Choc,01-02-2022,1540,73
314,Kelci Walkden,Australia,After Nines,02-03-2022,6916,288
315,Gigi Bohling,UK,Fruit & Nut Bars,06-04-2022,1232,86
316,Gunar Cockshoot,Australia,Raspberry Choco,17-03-2022,602,72
317,Curtice Advani,UK,Fruit & Nut Bars,24-06-2022,10927,136
318,Barr Faughny,Canada,50% Dark Bites,19-07-2022,10185,303
319,Curtice Advani,USA,Spicy Special Slims,11-07-2022,1603,264
320,Brien Boise,India,Almond Choco,13-01-2022,2170,218
321,Oby Sorrel,New Zealand,Smooth Sliky Salty,07-07-2022,8673,60
322,Jan Morforth,India,85% Dark Bars,25-05-2022,4760,418
323,Marney O'Breen,India,Fruit & Nut Bars,13-04-2022,4753,151
324,Andria Kimpton,New Zealand,50% Dark Bites,02-03-2022,3374,202
325,Gunar Cockshoot,Canada,Raspberry Choco,23-06-2022,2058,126
326,Kelci Walkden,USA,Drinking Coco,26-07-2022,6454,160
327,Van Tuxwell,Canada,White Choc,22-03-2022,420,3
328,Rafaelita Blaksland,USA,Baker's Choco Chips,09-06-2022,2863,58
329,Van Tuxwell,Australia,Caramel Stuffed Bars,17-05-2022,5936,59
330,Ches Bonnell,New Zealand,Peanut Butter Cubes,04-03-2022,889,273
331,Kelci Walkden,Canada,Milk Bars,07-07-2022,16016,28
332,Dennison Crosswaite,Canada,Choco Coated Almonds,13-01-2022,10479,118
333,Curtice Advani,Australia,Almond Choco,13-07-2022,2912,75
334,Madelene Upcott,Australia,85% Dark Bars,16-06-2022,1575,329
335,Gigi Bohling,UK,50% Dark Bites,18-07-2022,8197,69
336,Ches Bonnell,UK,Manuka Honey Choco,30-05-2022,4221,395
337,Gigi Bohling,UK,70% Dark Bites,21-06-2022,840,81
338,Jehu Rudeforth,Australia,Peanut Butter Cubes,24-06-2022,5691,38
339,Marney O'Breen,India,Eclairs,13-01-2022,3472,96
340,Curtice Advani,Canada,Fruit & Nut Bars,04-04-2022,4193,195
341,Kaine Padly,UK,Smooth Sliky Salty,08-06-2022,9016,554
342,Karlen McCaffrey,Canada,Spicy Special Slims,02-08-2022,6328,47
343,Kelci Walkden,USA,Organic Choco Syrup,21-07-2022,9870,152
344,Curtice Advani,India,Spicy Special Slims,20-06-2022,161,134
345,Roddy Speechley,India,After Nines,22-06-2022,2576,112
346,Camilla Castle,Australia,Caramel Stuffed Bars,02-05-2022,3178,16
347,Curtice Advani,Australia,99% Dark & Pure,07-01-2022,4676,84
348,Mallorie Waber,UK,50% Dark Bites,21-02-2022,5502,99
349,Ches Bonnell,Canada,Baker's Choco Chips,21-03-2022,7462,371
350,Van Tuxwell,UK,Drinking Coco,04-04-2022,5803,136
351,Gunar Cockshoot,Canada,Fruit & Nut Bars,24-03-2022,13888,203
352,Gunar Cockshoot,New Zealand,Spicy Special Slims,28-06-2022,6867,183
353,Gunar Cockshoot,Australia,Drinking Coco,14-01-2022,2317,195
354,Karlen McCaffrey,New Zealand,Fruit & Nut Bars,07-02-2022,1218,135
355,Dennison Crosswaite,New Zealand,Drinking Coco,11-01-2022,4109,197
356,Jehu Rudeforth,India,99% Dark & Pure,25-02-2022,1953,242
357,Dotty Strutley,Australia,Mint Chip Choco,01-08-2022,6790,25
358,Roddy Speechley,Australia,Mint Chip Choco,05-05-2022,6797,252
359,Madelene Upcott,New Zealand,Raspberry Choco,18-05-2022,9226,415
360,Dotty Strutley,New Zealand,Choco Coated Almonds,04-01-2022,5733,348
361,Roddy Speechley,New Zealand,50% Dark Bites,09-05-2022,4312,211
362,Rafaelita Blaksland,India,Smooth Sliky Salty,06-05-2022,1638,81
363,Husein Augar,UK,White Choc,13-01-2022,10815,145
364,Roddy Speechley,Australia,Almond Choco,24-06-2022,4466,74
365,Van Tuxwell,USA,Caramel Stuffed Bars,14-02-2022,987,21
366,Camilla Castle,Australia,99% Dark & Pure,18-01-2022,4669,101
367,Kaine Padly,India,Milk Bars,02-05-2022,2905,91
368,Ches Bonnell,Australia,Smooth Sliky Salty,16-05-2022,7490,54
369,Mallorie Waber,USA,Almond Choco,28-01-2022,6986,368
370,Kaine Padly,Canada,99% Dark & Pure,24-06-2022,1288,409
371,Oby Sorrel,UK,After Nines,18-07-2022,2345,104
372,Gunar Cockshoot,UK,Eclairs,13-04-2022,3619,164
373,Dotty Strutley,USA,Caramel Stuffed Bars,15-04-2022,16982,76
374,Jan Morforth,India,Peanut Butter Cubes,04-01-2022,8092,178
375,Husein Augar,Australia,Eclairs,04-07-2022,6993,31
376,Beverie Moffet,USA,Smooth Sliky Salty,24-03-2022,2317,352
377,Camilla Castle,Australia,Manuka Honey Choco,17-03-2022,637,169
378,Oby Sorrel,Australia,Almond Choco,15-02-2022,6034,223
379,Jan Morforth,USA,Orange Choco,29-06-2022,980,146
380,Gigi Bohling,USA,Fruit & Nut Bars,24-05-2022,2821,112
381,Mallorie Waber,UK,Milk Bars,10-01-2022,3563,284
382,Curtice Advani,USA,Raspberry Choco,15-03-2022,2996,139
383,Marney O'Breen,Canada,Milk Bars,08-02-2022,2436,309
384,Brien Boise,India,Caramel Stuffed Bars,25-02-2022,1540,100
385,Gunar Cockshoot,USA,Eclairs,03-05-2022,6916,42
386,Roddy Speechley,USA,Fruit & Nut Bars,14-06-2022,5509,24
387,Gunar Cockshoot,India,50% Dark Bites,09-08-2022,12992,83
388,Wilone O'Kielt,New Zealand,Manuka Honey Choco,11-07-2022,3724,234
389,Kaine Padly,UK,Manuka Honey Choco,14-01-2022,7133,118
390,Van Tuxwell,Canada,Manuka Honey Choco,24-02-2022,8617,46
391,Wilone O'Kielt,New Zealand,Almond Choco,15-03-2022,9198,144
392,Oby Sorrel,New Zealand,Baker's Choco Chips,25-04-2022,11823,47
393,Dennison Crosswaite,Australia,Organic Choco Syrup,10-05-2022,5775,41
394,Marney O'Breen,Australia,Spicy Special Slims,23-06-2022,13125,275
395,Beverie Moffet,Canada,Smooth Sliky Salty,28-02-2022,14287,370
396,Brien Boise,USA,Organic Choco Syrup,25-05-2022,16233,138
397,Roddy Speechley,New Zealand,Baker's Choco Chips,22-02-2022,5313,215
398,Van Tuxwell,UK,85% Dark Bars,11-07-2022,3577,134
399,Marney O'Breen,Canada,Spicy Special Slims,03-01-2022,3528,336
400,Rafaelita Blaksland,New Zealand,70% Dark Bites,24-08-2022,679,280
401,Beverie Moffet,USA,50% Dark Bites,28-07-2022,2450,352
402,Brien Boise,USA,Mint Chip Choco,25-05-2022,10577,150
403,Karlen McCaffrey,New Zealand,Eclairs,06-05-2022,2597,177
404,Barr Faughny,India,Drinking Coco,28-01-2022,2219,142
405,Marney O'Breen,UK,Orange Choco,06-06-2022,11319,12
406,Brien Boise,New Zealand,Baker's Choco Chips,12-07-2022,5978,24
407,Ches Bonnell,Canada,Spicy Special Slims,05-08-2022,5327,183
408,Brien Boise,USA,Orange Choco,28-01-2022,6020,147
409,Kaine Padly,India,Spicy Special Slims,31-08-2022,5614,137
410,Mallorie Waber,USA,50% Dark Bites,19-04-2022,1736,13
411,Mallorie Waber,UK,Mint Chip Choco,29-06-2022,6384,2
412,Beverie Moffet,India,Choco Coated Almonds,24-02-2022,3577,261
413,Madelene Upcott,UK,Smooth Sliky Salty,04-03-2022,14539,84
414,Gigi Bohling,India,Eclairs,21-06-2022,3493,68
415,Rafaelita Blaksland,Australia,Organic Choco Syrup,26-01-2022,994,105
416,Oby Sorrel,New Zealand,White Choc,10-06-2022,4361,40
417,Andria Kimpton,UK,Drinking Coco,23-05-2022,1554,65
418,Kelci Walkden,India,Milk Bars,15-04-2022,966,107
419,Karlen McCaffrey,New Zealand,Caramel Stuffed Bars,31-01-2022,5334,227
420,Andria Kimpton,New Zealand,Organic Choco Syrup,04-03-2022,4935,39
421,Barr Faughny,New Zealand,After Nines,19-04-2022,10024,84
422,Beverie Moffet,UK,Almond Choco,16-05-2022,2506,100
423,Oby Sorrel,Australia,Raspberry Choco,17-02-2022,1043,120
424,Dennison Crosswaite,USA,Raspberry Choco,18-01-2022,6524,257
425,Roddy Speechley,Canada,Orange Choco,09-02-2022,8148,85
426,Mallorie Waber,Canada,Orange Choco,23-03-2022,3577,178
427,Madelene Upcott,New Zealand,Caramel Stuffed Bars,01-02-2022,3374,151
428,Mallorie Waber,India,Drinking Coco,07-03-2022,3948,142
429,Ches Bonnell,UK,White Choc,03-01-2022,3269,226
430,Ches Bonnell,USA,White Choc,11-02-2022,5271,341
431,Dennison Crosswaite,New Zealand,Orange Choco,16-03-2022,4571,140
432,Dotty Strutley,India,White Choc,15-08-2022,12327,330
433,Gigi Bohling,India,Manuka Honey Choco,12-05-2022,4935,73
434,Van Tuxwell,India,Spicy Special Slims,11-04-2022,6167,4
435,Jan Morforth,New Zealand,Mint Chip Choco,30-06-2022,18340,285
436,Dotty Strutley,New Zealand,White Choc,15-06-2022,7014,60
437,Rafaelita Blaksland,Canada,Caramel Stuffed Bars,01-08-2022,7119,101
438,Kaine Padly,USA,Milk Bars,15-06-2022,15491,58
439,Brien Boise,India,After Nines,16-06-2022,5747,45
440,Oby Sorrel,New Zealand,Raspberry Choco,13-05-2022,4550,281
441,Dennison Crosswaite,USA,Drinking Coco,10-05-2022,2191,138
442,Oby Sorrel,India,Eclairs,25-08-2022,5663,322
443,Ches Bonnell,New Zealand,Organic Choco Syrup,15-07-2022,7623,85
444,Gigi Bohling,UK,Baker's Choco Chips,16-05-2022,9023,409
445,Jan Morforth,Australia,50% Dark Bites,14-06-2022,3402,182
446,Beverie Moffet,Australia,Smooth Sliky Salty,25-01-2022,10507,467
447,Ches Bonnell,USA,Organic Choco Syrup,28-07-2022,7721,14
448,Brien Boise,Canada,Mint Chip Choco,28-01-2022,5033,178
449,Kaine Padly,UK,Orange Choco,29-06-2022,1960,191
450,Karlen McCaffrey,Australia,70% Dark Bites,24-06-2022,238,317
451,Gunar Cockshoot,Canada,Mint Chip Choco,01-07-2022,7756,410
452,Roddy Speechley,USA,Peanut Butter Cubes,25-02-2022,1736,137
453,Curtice Advani,Canada,Smooth Sliky Salty,01-08-2022,2660,12
454,Oby Sorrel,Australia,Milk Bars,21-06-2022,7672,254
455,Camilla Castle,New Zealand,Spicy Special Slims,25-01-2022,11564,24
456,Gigi Bohling,UK,Milk Bars,17-05-2022,1365,232
457,Andria Kimpton,Australia,85% Dark Bars,23-08-2022,4186,233
458,Camilla Castle,Australia,Smooth Sliky Salty,03-03-2022,7406,118
459,Roddy Speechley,India,Caramel Stuffed Bars,30-05-2022,8911,543
460,Karlen McCaffrey,USA,Drinking Coco,29-06-2022,112,223
461,Andria Kimpton,Canada,Organic Choco Syrup,04-01-2022,8204,204
462,Jehu Rudeforth,Australia,Drinking Coco,14-01-2022,2611,65
463,Karlen McCaffrey,USA,Mint Chip Choco,15-02-2022,15652,53
464,Curtice Advani,New Zealand,Spicy Special Slims,10-01-2022,4074,469
465,Madelene Upcott,USA,White Choc,04-05-2022,12250,213
466,Andria Kimpton,USA,Spicy Special Slims,23-05-2022,2366,5
467,Barr Faughny,New Zealand,Fruit & Nut Bars,26-04-2022,1687,147
468,Oby Sorrel,Canada,Organic Choco Syrup,05-07-2022,1232,74
469,Madelene Upcott,UK,Organic Choco Syrup,21-07-2022,6965,163
470,Dotty Strutley,USA,Mint Chip Choco,21-02-2022,5292,248
471,Kelci Walkden,USA,Orange Choco,03-02-2022,1379,138
472,Gigi Bohling,Australia,Caramel Stuffed Bars,08-07-2022,8001,151
473,Mallorie Waber,India,50% Dark Bites,31-05-2022,588,139
474,Van Tuxwell,New Zealand,Mint Chip Choco,27-06-2022,4046,103
475,Van Tuxwell,India,50% Dark Bites,13-05-2022,5103,129
476,Van Tuxwell,USA,Manuka Honey Choco,31-05-2022,2317,102
477,Wilone O'Kielt,USA,Orange Choco,28-02-2022,7042,37
478,Barr Faughny,New Zealand,Eclairs,28-03-2022,6713,31
479,Gigi Bohling,USA,After Nines,14-01-2022,1848,227
480,Barr Faughny,New Zealand,Mint Chip Choco,21-02-2022,6440,145
481,Dennison Crosswaite,Canada,85% Dark Bars,01-08-2022,10885,90
482,Beverie Moffet,New Zealand,Smooth Sliky Salty,19-05-2022,2387,59
483,Husein Augar,USA,White Choc,13-07-2022,2030,60
484,Andria Kimpton,Australia,Peanut Butter Cubes,20-04-2022,6678,148
485,Dennison Crosswaite,India,85% Dark Bars,30-06-2022,4515,22
486,Curtice Advani,UK,50% Dark Bites,08-03-2022,3374,142
487,Gunar Cockshoot,USA,Fruit & Nut Bars,09-03-2022,5852,93
488,Oby Sorrel,Canada,Raspberry Choco,16-06-2022,1750,208
489,Gigi Bohling,UK,Drinking Coco,30-06-2022,5782,42
490,Kelci Walkden,India,Mint Chip Choco,28-07-2022,2870,120
491,Karlen McCaffrey,Canada,Peanut Butter Cubes,12-08-2022,3094,159
492,Barr Faughny,UK,Mint Chip Choco,07-07-2022,3724,316
493,Barr Faughny,USA,85% Dark Bars,25-08-2022,12761,47
494,Husein Augar,Canada,Eclairs,17-01-2022,3696,233
495,Jan Morforth,Australia,70% Dark Bites,04-03-2022,5222,384
496,Marney O'Breen,New Zealand,Fruit & Nut Bars,25-08-2022,8939,4
497,Ches Bonnell,UK,Peanut Butter Cubes,15-04-2022,2156,260
498,Kaine Padly,USA,Organic Choco Syrup,11-03-2022,2380,22
499,Camilla Castle,USA,Raspberry Choco,20-05-2022,3339,18
500,Brien Boise,New Zealand,Manuka Honey Choco,14-06-2022,14980,42
501,Jehu Rudeforth,New Zealand,After Nines,14-04-2022,1512,73
502,Jehu Rudeforth,USA,Smooth Sliky Salty,07-07-2022,6657,154
503,Madelene Upcott,India,Mint Chip Choco,24-08-2022,3836,71
504,Jehu Rudeforth,India,Eclairs,24-02-2022,8771,127
505,Karlen McCaffrey,Canada,Raspberry Choco,09-05-2022,651,224
506,Kaine Padly,Australia,70% Dark Bites,08-02-2022,6706,223
507,Roddy Speechley,UK,70% Dark Bites,24-03-2022,1421,284
508,Rafaelita Blaksland,USA,Drinking Coco,20-06-2022,8526,73
509,Mallorie Waber,Canada,Manuka Honey Choco,07-03-2022,1435,112
510,Kaine Padly,Australia,Fruit & Nut Bars,20-06-2022,7434,85
511,Oby Sorrel,New Zealand,Organic Choco Syrup,17-02-2022,15316,270
512,Madelene Upcott,UK,99% Dark & Pure,26-01-2022,10479,45
513,Madelene Upcott,Australia,Mint Chip Choco,02-05-2022,2751,153
514,Curtice Advani,Canada,99% Dark & Pure,07-07-2022,12586,7
515,Rafaelita Blaksland,Australia,Baker's Choco Chips,22-08-2022,2786,51
516,Karlen McCaffrey,Australia,After Nines,11-08-2022,2303,67
517,Marney O'Breen,UK,99% Dark & Pure,13-01-2022,8113,194
518,Gunar Cockshoot,Australia,50% Dark Bites,02-03-2022,12271,116
519,Marney O'Breen,Australia,Choco Coated Almonds,27-07-2022,11298,41
520,Kelci Walkden,New Zealand,Drinking Coco,10-03-2022,15855,111
521,Beverie Moffet,USA,85% Dark Bars,23-08-2022,12404,334
522,Roddy Speechley,USA,Eclairs,25-04-2022,3990,155
523,Dennison Crosswaite,UK,Milk Bars,07-03-2022,10808,407
524,Wilone O'Kielt,UK,Organic Choco Syrup,12-07-2022,4858,52
525,Madelene Upcott,USA,Orange Choco,16-05-2022,7742,138
526,Gunar Cockshoot,India,Smooth Sliky Salty,02-03-2022,3752,70
527,Marney O'Breen,New Zealand,85% Dark Bars,30-05-2022,1218,149
528,Marney O'Breen,UK,Manuka Honey Choco,10-06-2022,10983,179
529,Brien Boise,USA,99% Dark & Pure,25-07-2022,6769,353
530,Beverie Moffet,New Zealand,Mint Chip Choco,09-06-2022,4361,97
531,Dennison Crosswaite,USA,Milk Bars,12-05-2022,777,60
532,Gunar Cockshoot,USA,Drinking Coco,09-05-2022,3843,5
533,Brien Boise,Canada,Manuka Honey Choco,09-08-2022,6930,182
534,Van Tuxwell,India,Choco Coated Almonds,13-04-2022,5733,114
535,Andria Kimpton,USA,Caramel Stuffed Bars,02-05-2022,8393,46
536,Dotty Strutley,USA,99% Dark & Pure,09-08-2022,3822,320
537,Camilla Castle,Australia,Raspberry Choco,23-08-2022,6342,178
538,Gunar Cockshoot,India,Spicy Special Slims,13-05-2022,6510,170
539,Karlen McCaffrey,USA,Manuka Honey Choco,01-02-2022,10171,67
540,Camilla Castle,USA,50% Dark Bites,23-06-2022,5908,301
541,Madelene Upcott,UK,Choco Coated Almonds,24-05-2022,10164,134
542,Jan Morforth,Canada,Mint Chip Choco,01-04-2022,1064,211
543,Camilla Castle,Canada,70% Dark Bites,27-07-2022,9716,151
544,Ches Bonnell,India,Peanut Butter Cubes,27-01-2022,22050,208
545,Jan Morforth,India,Choco Coated Almonds,12-08-2022,2541,134
546,Gigi Bohling,Canada,Almond Choco,01-02-2022,9989,49
547,Rafaelita Blaksland,India,After Nines,02-03-2022,4739,204
548,Kelci Walkden,Australia,99% Dark & Pure,30-06-2022,3185,34
549,Dotty Strutley,Australia,Spicy Special Slims,17-01-2022,8225,91
550,Brien Boise,USA,Milk Bars,07-07-2022,14301,130
551,Mallorie Waber,New Zealand,Mint Chip Choco,31-01-2022,1316,107
552,Beverie Moffet,UK,99% Dark & Pure,10-08-2022,3486,121
553,Beverie Moffet,USA,Peanut Butter Cubes,18-08-2022,13930,339
554,Brien Boise,New Zealand,White Choc,15-06-2022,5509,321
555,Marney O'Breen,USA,Baker's Choco Chips,26-01-2022,8470,9
556,Kelci Walkden,USA,Spicy Special Slims,29-04-2022,77,69
557,Mallorie Waber,Canada,White Choc,03-03-2022,3381,72
558,Kaine Padly,Australia,Almond Choco,22-02-2022,4102,392
559,Oby Sorrel,USA,Smooth Sliky Salty,04-03-2022,3577,158
560,Dennison Crosswaite,India,Smooth Sliky Salty,07-07-2022,2975,9
561,Camilla Castle,New Zealand,Caramel Stuffed Bars,17-06-2022,4137,347
562,Jan Morforth,Canada,Caramel Stuffed Bars,02-08-2022,9541,114
563,Oby Sorrel,USA,Baker's Choco Chips,12-08-2022,8001,120
564,Madelene Upcott,New Zealand,Peanut Butter Cubes,28-01-2022,5152,333
565,Kelci Walkden,Australia,Orange Choco,29-04-2022,11116,432
566,Marney O'Breen,Australia,Manuka Honey Choco,05-04-2022,13076,236
567,Kaine Padly,Canada,Manuka Honey Choco,18-01-2022,10213,135
568,Jehu Rudeforth,UK,Baker's Choco Chips,16-05-2022,2485,97
569,Kelci Walkden,Australia,White Choc,24-08-2022,8715,168
570,Curtice Advani,India,85% Dark Bars,18-01-2022,273,402
571,Kaine Padly,USA,Eclairs,22-08-2022,7623,10
572,Gunar Cockshoot,UK,99% Dark & Pure,07-03-2022,7,84
573,Beverie Moffet,UK,Choco Coated Almonds,04-03-2022,3010,69
574,Dotty Strutley,Canada,Manuka Honey Choco,22-04-2022,11550,111
575,Kaine Padly,Australia,Milk Bars,09-06-2022,4046,89
576,Jan Morforth,Canada,Fruit & Nut Bars,25-07-2022,8904,199
577,Jan Morforth,India,Smooth Sliky Salty,03-08-2022,11298,89
578,Rafaelita Blaksland,Australia,Manuka Honey Choco,03-08-2022,4396,131
579,Jehu Rudeforth,UK,Milk Bars,03-05-2022,12068,227
580,Husein Augar,Canada,After Nines,19-01-2022,9772,301
581,Roddy Speechley,USA,50% Dark Bites,11-02-2022,10458,316
582,Van Tuxwell,India,Almond Choco,14-06-2022,6426,390
583,Kelci Walkden,USA,50% Dark Bites,23-03-2022,6188,223
584,Madelene Upcott,Canada,85% Dark Bars,17-02-2022,7504,101
585,Dennison Crosswaite,Canada,Smooth Sliky Salty,17-03-2022,1750,479
586,Mallorie Waber,Australia,Spicy Special Slims,29-06-2022,5439,287
587,Ches Bonnell,Canada,Choco Coated Almonds,24-08-2022,15547,269
588,Gigi Bohling,Canada,Spicy Special Slims,04-07-2022,11956,277
589,Roddy Speechley,New Zealand,Almond Choco,28-03-2022,2723,67
590,Curtice Advani,India,Smooth Sliky Salty,19-04-2022,19327,135
591,Ches Bonnell,New Zealand,Mint Chip Choco,18-01-2022,9058,229
592,Van Tuxwell,New Zealand,Fruit & Nut Bars,17-01-2022,2996,88
593,Andria Kimpton,New Zealand,Mint Chip Choco,15-02-2022,8848,211
594,Andria Kimpton,UK,Milk Bars,11-02-2022,14336,293
595,Camilla Castle,USA,Manuka Honey Choco,21-03-2022,16401,179
596,Gunar Cockshoot,New Zealand,Almond Choco,05-01-2022,5173,129
597,Brien Boise,India,Raspberry Choco,30-05-2022,6328,164
598,Jehu Rudeforth,USA,99% Dark & Pure,04-01-2022,2534,219
599,Beverie Moffet,Australia,Fruit & Nut Bars,22-04-2022,1435,258
600,Gigi Bohling,Canada,Milk Bars,10-02-2022,3052,116
601,Dotty Strutley,India,Spicy Special Slims,12-08-2022,910,204
602,Gunar Cockshoot,USA,Organic Choco Syrup,10-08-2022,2331,321
603,Kelci Walkden,Australia,Raspberry Choco,07-06-2022,679,56
604,Jehu Rudeforth,India,Baker's Choco Chips,06-06-2022,2086,74
605,Karlen McCaffrey,New Zealand,Baker's Choco Chips,05-04-2022,5012,189
606,Wilone O'Kielt,USA,50% Dark Bites,18-04-2022,4501,131
607,Andria Kimpton,India,50% Dark Bites,31-01-2022,13482,15
608,Madelene Upcott,USA,Baker's Choco Chips,22-08-2022,5621,140
609,Jehu Rudeforth,Australia,99% Dark & Pure,25-02-2022,10486,198
610,Jan Morforth,Australia,Mint Chip Choco,22-02-2022,17626,103
611,Oby Sorrel,New Zealand,Milk Bars,12-01-2022,4494,187
612,Brien Boise,UK,Almond Choco,25-05-2022,105,125
613,Kelci Walkden,India,Smooth Sliky Salty,01-02-2022,2464,8
614,Rafaelita Blaksland,UK,Eclairs,27-04-2022,1379,70
615,Gigi Bohling,USA,Smooth Sliky Salty,22-07-2022,2583,126
616,Curtice Advani,New Zealand,Mint Chip Choco,26-01-2022,3220,265
617,Curtice Advani,USA,Mint Chip Choco,24-08-2022,4802,296
618,Madelene Upcott,New Zealand,Fruit & Nut Bars,18-01-2022,5677,21
619,Karlen McCaffrey,India,85% Dark Bars,30-03-2022,945,83
620,Ches Bonnell,Australia,Caramel Stuffed Bars,17-01-2022,8757,162
621,Kelci Walkden,USA,Fruit & Nut Bars,17-02-2022,4816,145
622,Kelci Walkden,Canada,Peanut Butter Cubes,08-04-2022,7532,44
623,Gigi Bohling,Canada,Drinking Coco,06-07-2022,3549,82
624,Husein Augar,India,Fruit & Nut Bars,04-04-2022,4340,226
625,Jan Morforth,New Zealand,Organic Choco Syrup,02-03-2022,1799,207
626,Gigi Bohling,New Zealand,Raspberry Choco,09-08-2022,1127,176
627,Dennison Crosswaite,Australia,Milk Bars,09-06-2022,10038,286
628,Ches Bonnell,UK,Caramel Stuffed Bars,02-06-2022,2926,300
629,Van Tuxwell,USA,Fruit & Nut Bars,05-07-2022,6279,235
630,Andria Kimpton,Canada,Eclairs,11-08-2022,308,125
631,Madelene Upcott,India,Choco Coated Almonds,11-02-2022,3500,145
632,Kelci Walkden,New Zealand,Spicy Special Slims,11-08-2022,658,65
633,Roddy Speechley,Australia,Drinking Coco,12-05-2022,12565,102
634,Wilone O'Kielt,USA,Milk Bars,15-07-2022,5012,93
635,Andria Kimpton,India,Organic Choco Syrup,18-01-2022,3955,134
636,Madelene Upcott,UK,Fruit & Nut Bars,05-01-2022,8512,189
637,Curtice Advani,Australia,50% Dark Bites,29-06-2022,504,232
638,Brien Boise,Canada,Raspberry Choco,14-06-2022,2800,45
639,Gunar Cockshoot,India,Mint Chip Choco,08-08-2022,4256,67
640,Dennison Crosswaite,India,Mint Chip Choco,23-03-2022,13573,138
641,Barr Faughny,India,Caramel Stuffed Bars,04-01-2022,6566,99
642,Brien Boise,India,Milk Bars,22-02-2022,13503,251
643,Beverie Moffet,UK,Spicy Special Slims,17-02-2022,8680,252
644,Barr Faughny,USA,Almond Choco,03-02-2022,385,78
645,Van Tuxwell,Canada,Raspberry Choco,17-03-2022,1267,130
646,Wilone O'Kielt,Australia,Baker's Choco Chips,25-01-2022,2961,154
647,Brien Boise,Australia,Milk Bars,27-07-2022,1981,52
648,Husein Augar,Australia,Fruit & Nut Bars,28-01-2022,7959,53
649,Madelene Upcott,Australia,Organic Choco Syrup,05-07-2022,10794,50
650,Van Tuxwell,India,White Choc,15-03-2022,1897,44
651,Gunar Cockshoot,Canada,After Nines,04-08-2022,2744,200
652,Jan Morforth,USA,Fruit & Nut Bars,27-06-2022,4382,361
653,Jan Morforth,Canada,After Nines,13-07-2022,4515,172
654,Barr Faughny,New Zealand,Manuka Honey Choco,24-02-2022,5474,239
655,Karlen McCaffrey,New Zealand,85% Dark Bars,28-06-2022,6069,55
656,Oby Sorrel,Australia,85% Dark Bars,30-06-2022,6944,27
657,Curtice Advani,Canada,Choco Coated Almonds,18-08-2022,5859,7
658,Kaine Padly,India,70% Dark Bites,24-01-2022,12173,301
659,Beverie Moffet,USA,White Choc,11-03-2022,5292,134
660,Ches Bonnell,New Zealand,After Nines,23-06-2022,5705,350
661,Husein Augar,India,Spicy Special Slims,22-08-2022,2492,33
662,Gunar Cockshoot,Canada,50% Dark Bites,04-01-2022,3024,23
663,Curtice Advani,India,Milk Bars,05-04-2022,3437,201
664,Beverie Moffet,India,Milk Bars,15-04-2022,1869,323
665,Husein Augar,Australia,White Choc,11-05-2022,3171,220
666,Andria Kimpton,Canada,Manuka Honey Choco,21-07-2022,4858,488
667,Jan Morforth,New Zealand,Orange Choco,11-02-2022,1225,84
668,Andria Kimpton,Canada,Smooth Sliky Salty,08-07-2022,1155,79
669,Gunar Cockshoot,UK,Raspberry Choco,11-08-2022,6811,344
670,Husein Augar,New Zealand,After Nines,04-08-2022,6433,7
671,Andria Kimpton,New Zealand,Orange Choco,14-06-2022,8169,88
672,Dennison Crosswaite,UK,Baker's Choco Chips,17-01-2022,2275,275
673,Jehu Rudeforth,Canada,Orange Choco,23-06-2022,3857,512
674,Jehu Rudeforth,UK,Smooth Sliky Salty,24-08-2022,1463,113
675,Andria Kimpton,UK,Caramel Stuffed Bars,07-06-2022,7924,275
676,Jan Morforth,UK,White Choc,22-06-2022,8799,47
677,Dotty Strutley,USA,Fruit & Nut Bars,13-07-2022,2898,276
678,Kelci Walkden,UK,Choco Coated Almonds,24-05-2022,9506,212
679,Gunar Cockshoot,New Zealand,After Nines,09-08-2022,7175,145
680,Kaine Padly,Canada,85% Dark Bars,06-04-2022,1729,31
681,Jan Morforth,New Zealand,Manuka Honey Choco,28-07-2022,1589,271
682,Gunar Cockshoot,New Zealand,Raspberry Choco,24-08-2022,630,52
683,Van Tuxwell,Australia,99% Dark & Pure,17-01-2022,112,128
684,Curtice Advani,USA,Drinking Coco,07-02-2022,5187,142
685,Brien Boise,Australia,Spicy Special Slims,09-05-2022,6223,256
686,Mallorie Waber,New Zealand,85% Dark Bars,06-06-2022,7714,106
687,Wilone O'Kielt,USA,Choco Coated Almonds,06-06-2022,9457,6
688,Beverie Moffet,New Zealand,Organic Choco Syrup,24-05-2022,6678,226
689,Gunar Cockshoot,UK,50% Dark Bites,13-01-2022,2107,121
690,Marney O'Breen,USA,Raspberry Choco,23-05-2022,6069,151
691,Jehu Rudeforth,UK,White Choc,29-06-2022,1862,284
692,Jehu Rudeforth,New Zealand,85% Dark Bars,11-03-2022,6972,89
693,Dotty Strutley,USA,85% Dark Bars,25-04-2022,10220,508
694,Rafaelita Blaksland,Australia,Smooth Sliky Salty,30-05-2022,3969,243
695,Curtice Advani,India,Manuka Honey Choco,23-05-2022,1547,170
696,Mallorie Waber,USA,Peanut Butter Cubes,23-05-2022,1162,18
697,Van Tuxwell,Canada,Peanut Butter Cubes,24-06-2022,6342,282
698,Kelci Walkden,New Zealand,Smooth Sliky Salty,11-03-2022,10633,277
699,Rafaelita Blaksland,USA,Smooth Sliky Salty,27-07-2022,15057,212
700,Rafaelita Blaksland,USA,White Choc,16-08-2022,4704,126
701,Roddy Speechley,Canada,Smooth Sliky Salty,07-03-2022,9338,11
702,Curtice Advani,New Zealand,After Nines,05-04-2022,7959,30
703,Camilla Castle,India,85% Dark Bars,04-05-2022,9023,51
704,Ches Bonnell,USA,Choco Coated Almonds,04-01-2022,14525,92
705,Marney O'Breen,Australia,Baker's Choco Chips,13-01-2022,5810,101
706,Wilone O'Kielt,New Zealand,Fruit & Nut Bars,11-07-2022,6426,98
707,Kaine Padly,Australia,Mint Chip Choco,17-05-2022,4403,159
708,Camilla Castle,New Zealand,Peanut Butter Cubes,21-07-2022,1582,62
709,Curtice Advani,Canada,Organic Choco Syrup,22-02-2022,791,22
710,Jan Morforth,India,99% Dark & Pure,23-05-2022,9100,187
711,Rafaelita Blaksland,Canada,Drinking Coco,12-07-2022,9884,200
712,Jan Morforth,UK,Orange Choco,15-06-2022,3780,201
713,Barr Faughny,New Zealand,50% Dark Bites,23-06-2022,4557,308
714,Curtice Advani,Australia,Eclairs,25-03-2022,5796,55
715,Jan Morforth,India,Caramel Stuffed Bars,04-07-2022,84,153
716,Andria Kimpton,UK,White Choc,12-05-2022,9037,101
717,Camilla Castle,New Zealand,Raspberry Choco,04-04-2022,4746,137
718,Madelene Upcott,Australia,Orange Choco,15-04-2022,6713,398
719,Roddy Speechley,Canada,Eclairs,08-03-2022,6237,88
720,Karlen McCaffrey,India,White Choc,17-01-2022,7483,232
721,Wilone O'Kielt,India,Mint Chip Choco,22-08-2022,1309,51
722,Andria Kimpton,UK,99% Dark & Pure,25-07-2022,1155,66
723,Marney O'Breen,UK,50% Dark Bites,14-06-2022,2989,124
724,Ches Bonnell,India,Choco Coated Almonds,05-04-2022,9625,78
725,Madelene Upcott,UK,Raspberry Choco,26-08-2022,7357,341
726,Wilone O'Kielt,Australia,50% Dark Bites,03-08-2022,10031,114
727,Gigi Bohling,Canada,White Choc,11-07-2022,6587,4
728,Wilone O'Kielt,New Zealand,Eclairs,11-03-2022,3311,22
729,Brien Boise,UK,Peanut Butter Cubes,10-01-2022,15330,30
730,Roddy Speechley,UK,Baker's Choco Chips,04-04-2022,14028,351
731,Karlen McCaffrey,Australia,50% Dark Bites,17-01-2022,6678,708
732,Marney O'Breen,New Zealand,Organic Choco Syrup,08-07-2022,8624,50
733,Jan Morforth,UK,Organic Choco Syrup,12-04-2022,1197,356
734,Rafaelita Blaksland,Canada,Fruit & Nut Bars,24-08-2022,483,185
735,Ches Bonnell,UK,Choco Coated Almonds,07-06-2022,1687,236
736,Gunar Cockshoot,Canada,Almond Choco,28-07-2022,1309,30
737,Husein Augar,USA,99% Dark & Pure,21-02-2022,9534,111
738,Dennison Crosswaite,Canada,Mint Chip Choco,08-04-2022,1694,289
739,Brien Boise,UK,Manuka Honey Choco,28-06-2022,70,103
740,Van Tuxwell,UK,Baker's Choco Chips,24-03-2022,2443,20
741,Barr Faughny,Australia,Caramel Stuffed Bars,29-07-2022,2933,55
742,Dennison Crosswaite,USA,Eclairs,25-05-2022,2044,90
743,Gigi Bohling,Australia,Raspberry Choco,30-03-2022,6524,303
744,Dennison Crosswaite,USA,Organic Choco Syrup,18-07-2022,12656,126
745,Beverie Moffet,Canada,Orange Choco,10-05-2022,8722,109
746,Mallorie Waber,Australia,Choco Coated Almonds,18-03-2022,15750,92
747,Ches Bonnell,India,Caramel Stuffed Bars,15-06-2022,6839,56
748,Van Tuxwell,Canada,50% Dark Bites,12-05-2022,13685,58
749,Kelci Walkden,New Zealand,Baker's Choco Chips,23-06-2022,2912,110
750,Beverie Moffet,India,Spicy Special Slims,21-04-2022,3339,171
751,Gigi Bohling,Australia,Almond Choco,17-08-2022,910,117
752,Rafaelita Blaksland,New Zealand,Eclairs,07-02-2022,19481,51
753,Kelci Walkden,Canada,Smooth Sliky Salty,17-03-2022,8099,118
754,Jan Morforth,India,Baker's Choco Chips,01-08-2022,13727,79
755,Jehu Rudeforth,Australia,Milk Bars,18-03-2022,8659,29
756,Gigi Bohling,Canada,Fruit & Nut Bars,14-06-2022,5782,103
757,Beverie Moffet,UK,Eclairs,22-04-2022,8463,155
758,Marney O'Breen,New Zealand,Eclairs,18-01-2022,4914,31
759,Husein Augar,Australia,99% Dark & Pure,26-08-2022,3087,128
760,Gunar Cockshoot,New Zealand,Fruit & Nut Bars,10-06-2022,9205,419
761,Curtice Advani,Canada,70% Dark Bites,31-01-2022,2303,7
762,Kelci Walkden,New Zealand,Manuka Honey Choco,08-04-2022,1358,106
763,Dotty Strutley,Australia,Baker's Choco Chips,07-06-2022,3605,68
764,Barr Faughny,Australia,85% Dark Bars,10-02-2022,8498,44
765,Beverie Moffet,Australia,50% Dark Bites,16-05-2022,700,457
766,Gunar Cockshoot,India,Baker's Choco Chips,18-03-2022,2191,524
767,Van Tuxwell,Australia,50% Dark Bites,13-07-2022,644,137
768,Oby Sorrel,USA,Manuka Honey Choco,25-07-2022,4340,86
769,Van Tuxwell,Canada,Choco Coated Almonds,19-08-2022,2282,296
770,Karlen McCaffrey,Canada,70% Dark Bites,24-06-2022,7714,597
771,Kelci Walkden,Canada,Fruit & Nut Bars,20-06-2022,826,149
772,Camilla Castle,India,99% Dark & Pure,02-08-2022,203,207
773,Madelene Upcott,New Zealand,70% Dark Bites,22-02-2022,13356,93
774,Mallorie Waber,New Zealand,Orange Choco,01-02-2022,6510,23
775,Jan Morforth,Canada,70% Dark Bites,14-02-2022,5894,305
776,Kelci Walkden,Australia,Milk Bars,24-02-2022,7910,125
777,Dennison Crosswaite,India,Orange Choco,18-03-2022,784,129
778,Husein Augar,UK,Eclairs,30-08-2022,1750,252
779,Gigi Bohling,USA,Peanut Butter Cubes,09-05-2022,280,75
780,Wilone O'Kielt,USA,Smooth Sliky Salty,18-01-2022,504,87
781,Curtice Advani,India,White Choc,04-07-2022,7154,342
782,Oby Sorrel,New Zealand,Spicy Special Slims,03-06-2022,1617,13
783,Beverie Moffet,New Zealand,Peanut Butter Cubes,23-02-2022,10822,30
784,Dotty Strutley,New Zealand,99% Dark & Pure,09-05-2022,10724,203
785,Kelci Walkden,India,70% Dark Bites,06-06-2022,3640,106
786,Kelci Walkden,India,Drinking Coco,04-07-2022,7532,234
787,Brien Boise,New Zealand,Drinking Coco,06-06-2022,1582,100
788,Dotty Strutley,Australia,Almond Choco,13-05-2022,1456,91
789,Wilone O'Kielt,New Zealand,Organic Choco Syrup,31-01-2022,2016,277
790,Ches Bonnell,New Zealand,Caramel Stuffed Bars,30-06-2022,7588,42
791,Barr Faughny,Canada,Manuka Honey Choco,25-08-2022,3402,249
792,Gigi Bohling,New Zealand,Smooth Sliky Salty,10-01-2022,700,97
793,Brien Boise,USA,Manuka Honey Choco,22-08-2022,1904,8
794,Roddy Speechley,New Zealand,85% Dark Bars,14-04-2022,4844,275
795,Oby Sorrel,UK,Smooth Sliky Salty,31-05-2022,9625,313
796,Oby Sorrel,UK,Raspberry Choco,08-04-2022,4599,323
797,Roddy Speechley,USA,Drinking Coco,21-02-2022,3003,155
798,Andria Kimpton,Australia,Manuka Honey Choco,30-03-2022,9744,377
799,Mallorie Waber,India,Raspberry Choco,02-03-2022,1400,2
800,Jehu Rudeforth,USA,Orange Choco,28-07-2022,364,170
801,Kaine Padly,New Zealand,70% Dark Bites,24-03-2022,7231,38
802,Curtice Advani,Australia,After Nines,11-08-2022,63,105
803,Husein Augar,UK,Almond Choco,17-05-2022,8309,166
804,Kaine Padly,Canada,Choco Coated Almonds,18-05-2022,3164,164
805,Roddy Speechley,UK,Peanut Butter Cubes,17-08-2022,5691,171
806,Ches Bonnell,New Zealand,Eclairs,04-04-2022,490,49
807,Brien Boise,India,85% Dark Bars,09-08-2022,18032,205
808,Brien Boise,New Zealand,Organic Choco Syrup,17-01-2022,637,313
809,Andria Kimpton,Canada,White Choc,14-02-2022,4067,29
810,Gigi Bohling,New Zealand,Orange Choco,16-05-2022,8204,307
811,Ches Bonnell,Canada,Smooth Sliky Salty,16-03-2022,9870,121
812,Husein Augar,Canada,70% Dark Bites,31-01-2022,5131,285
813,Barr Faughny,Canada,Organic Choco Syrup,10-03-2022,1141,205
814,Oby Sorrel,UK,Organic Choco Syrup,30-06-2022,7980,157
815,Van Tuxwell,New Zealand,Eclairs,01-03-2022,5229,182
816,Mallorie Waber,UK,Drinking Coco,27-05-2022,3423,100
817,Oby Sorrel,UK,Milk Bars,11-07-2022,6468,223
818,Karlen McCaffrey,New Zealand,Mint Chip Choco,02-03-2022,4326,61
819,Jehu Rudeforth,USA,Raspberry Choco,04-03-2022,7154,133
820,Kelci Walkden,UK,85% Dark Bars,23-06-2022,3997,228
821,Kelci Walkden,USA,Almond Choco,27-01-2022,5180,233
822,Marney O'Breen,Canada,Orange Choco,14-01-2022,2723,425
823,Dennison Crosswaite,India,Fruit & Nut Bars,29-07-2022,952,24
824,Brien Boise,Canada,Smooth Sliky Salty,13-05-2022,5691,495
825,Barr Faughny,Canada,Baker's Choco Chips,03-02-2022,10969,170
826,Brien Boise,India,Smooth Sliky Salty,27-05-2022,5964,26
827,Jan Morforth,Australia,Drinking Coco,18-02-2022,2821,24
828,Brien Boise,India,Spicy Special Slims,28-01-2022,1302,33
829,Van Tuxwell,UK,Eclairs,29-06-2022,5474,109
830,Wilone O'Kielt,India,Caramel Stuffed Bars,13-01-2022,4179,276
831,Jehu Rudeforth,UK,After Nines,27-06-2022,1946,164
832,Barr Faughny,Canada,White Choc,29-03-2022,4291,1
833,Gunar Cockshoot,India,Organic Choco Syrup,03-06-2022,7196,160
834,Mallorie Waber,Canada,Smooth Sliky Salty,21-03-2022,1939,98
835,Mallorie Waber,India,Eclairs,12-04-2022,10437,46
836,Rafaelita Blaksland,Australia,Raspberry Choco,19-01-2022,6916,259
837,Karlen McCaffrey,UK,50% Dark Bites,06-04-2022,3647,310
838,Kaine Padly,Australia,50% Dark Bites,02-08-2022,8995,78
839,Gigi Bohling,Australia,Eclairs,12-04-2022,7252,136
840,Oby Sorrel,India,Drinking Coco,21-07-2022,16380,130
841,Van Tuxwell,New Zealand,Baker's Choco Chips,22-03-2022,9660,24
842,Husein Augar,India,Peanut Butter Cubes,09-05-2022,4522,5
843,Andria Kimpton,Australia,Baker's Choco Chips,09-08-2022,329,109
844,Madelene Upcott,Canada,Choco Coated Almonds,20-07-2022,3458,294
845,Brien Boise,India,70% Dark Bites,14-04-2022,4641,413
846,Jehu Rudeforth,Canada,White Choc,25-01-2022,4627,136
847,Andria Kimpton,Australia,Almond Choco,25-04-2022,3192,175
848,Dotty Strutley,Canada,After Nines,17-01-2022,252,237
849,Karlen McCaffrey,USA,Eclairs,15-08-2022,868,125
850,Karlen McCaffrey,Canada,Fruit & Nut Bars,02-06-2022,210,16
851,Gunar Cockshoot,USA,85% Dark Bars,30-06-2022,7007,135
852,Dotty Strutley,New Zealand,Raspberry Choco,10-02-2022,5845,91
853,Marney O'Breen,Canada,Caramel Stuffed Bars,23-02-2022,1372,614
854,Dennison Crosswaite,India,Organic Choco Syrup,27-01-2022,8428,216
855,Camilla Castle,UK,Mint Chip Choco,26-05-2022,4977,317
856,Brien Boise,USA,70% Dark Bites,14-04-2022,1694,21
857,Madelene Upcott,Australia,99% Dark & Pure,01-08-2022,4326,154
858,Mallorie Waber,Australia,Eclairs,22-08-2022,9527,222
859,Marney O'Breen,India,99% Dark & Pure,22-07-2022,10766,157
860,Husein Augar,USA,Fruit & Nut Bars,28-04-2022,1288,27
861,Kelci Walkden,Australia,Almond Choco,30-05-2022,4879,350
862,Ches Bonnell,USA,Milk Bars,21-07-2022,2408,157
863,Jan Morforth,UK,Caramel Stuffed Bars,02-08-2022,3094,468
864,Brien Boise,New Zealand,70% Dark Bites,15-06-2022,7231,130
865,Oby Sorrel,India,85% Dark Bars,05-07-2022,8981,130
866,Kaine Padly,New Zealand,Smooth Sliky Salty,12-04-2022,7,518
867,Gigi Bohling,Australia,70% Dark Bites,18-08-2022,1372,105
868,Jan Morforth,UK,50% Dark Bites,12-01-2022,5250,293
869,Gunar Cockshoot,Canada,White Choc,11-08-2022,7560,15
870,Jehu Rudeforth,Australia,Spicy Special Slims,13-01-2022,5012,384
871,Husein Augar,UK,Baker's Choco Chips,29-04-2022,3038,135
872,Rafaelita Blaksland,New Zealand,After Nines,07-07-2022,1099,92
873,Madelene Upcott,New Zealand,Mint Chip Choco,11-03-2022,7413,4
874,Madelene Upcott,UK,70% Dark Bites,16-02-2022,5397,239
875,Barr Faughny,Australia,Organic Choco Syrup,07-01-2022,2303,33
876,Beverie Moffet,New Zealand,Drinking Coco,12-01-2022,1141,518
877,Beverie Moffet,India,Eclairs,09-06-2022,10325,147
878,Andria Kimpton,India,Eclairs,16-05-2022,2149,84
879,Gigi Bohling,UK,85% Dark Bars,23-06-2022,12362,94
880,Roddy Speechley,UK,Raspberry Choco,28-01-2022,12635,194
881,Dotty Strutley,UK,Mint Chip Choco,14-07-2022,2443,216
882,Barr Faughny,Canada,Drinking Coco,18-04-2022,6237,247
883,Oby Sorrel,USA,Milk Bars,14-06-2022,1736,79
884,Oby Sorrel,UK,Orange Choco,15-04-2022,7315,237
885,Curtice Advani,Canada,Peanut Butter Cubes,19-05-2022,4935,63
886,Gigi Bohling,India,White Choc,13-04-2022,1393,172
887,Husein Augar,Canada,Choco Coated Almonds,15-08-2022,3381,408
888,Wilone O'Kielt,India,Choco Coated Almonds,22-08-2022,2933,233
889,Wilone O'Kielt,New Zealand,Baker's Choco Chips,22-04-2022,3836,59
890,Kaine Padly,UK,Choco Coated Almonds,03-08-2022,8022,123
891,Dennison Crosswaite,New Zealand,Organic Choco Syrup,04-01-2022,371,229
892,Kelci Walkden,Canada,After Nines,13-01-2022,16702,198
893,Van Tuxwell,Australia,Baker's Choco Chips,11-05-2022,13258,32
894,Husein Augar,New Zealand,Peanut Butter Cubes,16-02-2022,2058,236
895,Kaine Padly,UK,Caramel Stuffed Bars,20-05-2022,10192,67
896,Jehu Rudeforth,UK,Drinking Coco,03-02-2022,7140,438
897,Beverie Moffet,India,Manuka Honey Choco,06-05-2022,9835,167
898,Gunar Cockshoot,UK,Choco Coated Almonds,30-06-2022,5775,135
899,Gunar Cockshoot,UK,Smooth Sliky Salty,22-03-2022,749,148
900,Camilla Castle,Canada,Orange Choco,17-02-2022,7770,54
901,Jehu Rudeforth,UK,85% Dark Bars,07-07-2022,5502,64
902,Oby Sorrel,UK,70% Dark Bites,16-03-2022,6223,181
903,Kelci Walkden,UK,99% Dark & Pure,12-08-2022,3507,114
904,Gigi Bohling,New Zealand,After Nines,21-01-2022,5600,181
905,Oby Sorrel,Australia,50% Dark Bites,06-05-2022,721,151
906,Oby Sorrel,Canada,50% Dark Bites,24-06-2022,6615,137
907,Barr Faughny,USA,White Choc,05-05-2022,7420,163
908,Rafaelita Blaksland,New Zealand,99% Dark & Pure,25-03-2022,3164,84
909,Curtice Advani,Australia,Caramel Stuffed Bars,14-02-2022,9114,140
910,Curtice Advani,New Zealand,85% Dark Bars,12-05-2022,5404,187
911,Barr Faughny,New Zealand,Smooth Sliky Salty,25-01-2022,3990,169
912,Ches Bonnell,UK,85% Dark Bars,28-06-2022,14924,12
913,Dennison Crosswaite,Australia,Drinking Coco,13-07-2022,7091,194
914,Roddy Speechley,USA,Milk Bars,16-05-2022,2807,252
915,Jan Morforth,India,After Nines,14-03-2022,6496,168
916,Gunar Cockshoot,USA,After Nines,15-08-2022,3738,261
917,Ches Bonnell,India,Orange Choco,16-02-2022,1190,256
918,Mallorie Waber,UK,Manuka Honey Choco,15-06-2022,8379,43
919,Barr Faughny,Australia,Raspberry Choco,27-05-2022,9268,100
920,Wilone O'Kielt,USA,Drinking Coco,14-06-2022,1029,98
921,Wilone O'Kielt,India,Eclairs,25-02-2022,3549,76
922,Wilone O'Kielt,India,After Nines,04-08-2022,12026,262
923,Kelci Walkden,India,99% Dark & Pure,28-06-2022,2303,244
924,Gunar Cockshoot,Canada,Spicy Special Slims,05-04-2022,13405,12
925,Madelene Upcott,Canada,Peanut Butter Cubes,05-07-2022,14763,113
926,Kaine Padly,New Zealand,Eclairs,20-01-2022,12894,48
927,Ches Bonnell,New Zealand,Drinking Coco,16-02-2022,8302,131
928,Curtice Advani,UK,Drinking Coco,12-07-2022,455,174
929,Kelci Walkden,India,Raspberry Choco,16-06-2022,8183,254
930,Dotty Strutley,Australia,Choco Coated Almonds,13-04-2022,1645,284
931,Kaine Padly,UK,50% Dark Bites,21-02-2022,3143,67
932,Roddy Speechley,Canada,Choco Coated Almonds,11-05-2022,5873,249
933,Ches Bonnell,India,50% Dark Bites,15-04-2022,11298,313
934,Oby Sorrel,Canada,Peanut Butter Cubes,07-06-2022,12425,167
935,Oby Sorrel,UK,White Choc,27-06-2022,1715,286
936,Barr Faughny,India,After Nines,29-07-2022,8190,109
937,Wilone O'Kielt,Canada,Smooth Sliky Salty,02-06-2022,4991,166
938,Rafaelita Blaksland,India,Mint Chip Choco,26-01-2022,15491,85
939,Rafaelita Blaksland,Canada,99% Dark & Pure,02-03-2022,5096,142
940,Van Tuxwell,Australia,70% Dark Bites,10-01-2022,7063,104
941,Beverie Moffet,USA,70% Dark Bites,27-06-2022,2275,115
942,Barr Faughny,Canada,Orange Choco,30-06-2022,7602,18
943,Roddy Speechley,Australia,85% Dark Bars,08-07-2022,4200,80
944,Oby Sorrel,India,Spicy Special Slims,08-06-2022,11137,88
945,Jan Morforth,UK,Manuka Honey Choco,18-08-2022,3388,212
946,Kaine Padly,Australia,After Nines,08-04-2022,6832,306
947,Wilone O'Kielt,Canada,Fruit & Nut Bars,08-08-2022,3437,181
948,Wilone O'Kielt,UK,Milk Bars,26-08-2022,301,65
949,Oby Sorrel,Canada,Fruit & Nut Bars,14-01-2022,1869,158
950,Dennison Crosswaite,USA,Baker's Choco Chips,11-08-2022,17465,271
951,Madelene Upcott,USA,Almond Choco,31-05-2022,10143,24
952,Van Tuxwell,New Zealand,50% Dark Bites,11-07-2022,3626,10
953,Karlen McCaffrey,Canada,Caramel Stuffed Bars,02-03-2022,3346,304
954,Madelene Upcott,Australia,Raspberry Choco,13-07-2022,6321,88
955,Rafaelita Blaksland,UK,Spicy Special Slims,03-08-2022,9345,133
956,Curtice Advani,UK,Peanut Butter Cubes,01-03-2022,15008,165
957,Kelci Walkden,New Zealand,White Choc,13-04-2022,7609,150
958,Beverie Moffet,Canada,Fruit & Nut Bars,14-02-2022,10332,180
959,Mallorie Waber,India,White Choc,26-07-2022,819,213
960,Brien Boise,UK,Drinking Coco,27-01-2022,5754,133
961,Jehu Rudeforth,India,Peanut Butter Cubes,14-04-2022,28,446
962,Oby Sorrel,USA,Almond Choco,19-05-2022,6440,141
963,Husein Augar,India,Eclairs,09-02-2022,4956,58
964,Brien Boise,UK,Spicy Special Slims,25-05-2022,2352,58
965,Oby Sorrel,Australia,Manuka Honey Choco,26-01-2022,3906,76
966,Beverie Moffet,India,White Choc,04-07-2022,1813,296
967,Ches Bonnell,India,Almond Choco,13-04-2022,11788,73
968,Gigi Bohling,Australia,Smooth Sliky Salty,25-01-2022,5768,119
969,Camilla Castle,USA,85% Dark Bars,25-04-2022,2401,78
970,Camilla Castle,USA,Eclairs,10-06-2022,4515,392
971,Madelene Upcott,New Zealand,White Choc,22-08-2022,10794,51
972,Van Tuxwell,India,After Nines,27-06-2022,13706,207
973,Husein Augar,India,Orange Choco,30-06-2022,4361,40
974,Jehu Rudeforth,India,Almond Choco,30-08-2022,10122,100
975,Karlen McCaffrey,Australia,Raspberry Choco,23-08-2022,994,57
976,Camilla Castle,New Zealand,99% Dark & Pure,26-08-2022,2268,42
977,Gigi Bohling,Australia,Orange Choco,09-03-2022,574,156
978,Kelci Walkden,UK,Drinking Coco,20-04-2022,1792,23
979,Mallorie Waber,Canada,Caramel Stuffed Bars,10-06-2022,4844,539
980,Husein Augar,Australia,Organic Choco Syrup,08-02-2022,938,158
981,Brien Boise,Australia,White Choc,25-08-2022,4879,22
982,Dotty Strutley,India,Peanut Butter Cubes,16-02-2022,9107,73
983,Dennison Crosswaite,UK,99% Dark & Pure,30-05-2022,12187,27
984,Gigi Bohling,New Zealand,50% Dark Bites,29-06-2022,5670,64
985,Gigi Bohling,USA,Milk Bars,16-06-2022,476,133
986,Brien Boise,UK,Caramel Stuffed Bars,04-03-2022,2681,149
987,Curtice Advani,New Zealand,Peanut Butter Cubes,15-03-2022,1533,434
988,Curtice Advani,New Zealand,50% Dark Bites,27-01-2022,9765,85
989,Beverie Moffet,Canada,Drinking Coco,05-07-2022,994,118
990,Barr Faughny,USA,Caramel Stuffed Bars,29-03-2022,3318,299
991,Mallorie Waber,Canada,Almond Choco,12-05-2022,4214,35
992,Oby Sorrel,USA,Drinking Coco,11-03-2022,7714,44
993,Brien Boise,New Zealand,Eclairs,11-07-2022,4690,299
994,Gunar Cockshoot,New Zealand,Choco Coated Almonds,01-08-2022,13062,62
995,Gunar Cockshoot,UK,Spicy Special Slims,16-02-2022,12488,200
996,Curtice Advani,USA,After Nines,13-04-2022,14147,235
997,Oby Sorrel,India,Choco Coated Almonds,14-02-2022,49,363
998,Ches Bonnell,Australia,Peanut Butter Cubes,14-03-2022,10199,68
999,Oby Sorrel,Australia,Spicy Special Slims,26-04-2022,11389,26
1000,Jehu Rudeforth,Canada,Manuka Honey Choco,05-04-2022,3584,200
1001,Camilla Castle,Canada,Drinking Coco,03-03-2022,12481,264
1002,Kaine Padly,USA,Spicy Special Slims,13-06-2022,2107,175
1003,Marney O'Breen,New Zealand,70% Dark Bites,14-02-2022,8603,352
1004,Roddy Speechley,New Zealand,99% Dark & Pure,18-04-2022,7483,183
1005,Oby Sorrel,New Zealand,85% Dark Bars,01-02-2022,3381,417
1006,Dotty Strutley,New Zealand,Orange Choco,04-08-2022,2030,146
1007,Andria Kimpton,New Zealand,Almond Choco,05-04-2022,6559,158
1008,Karlen McCaffrey,Australia,99% Dark & Pure,26-01-2022,10822,168
1009,Kaine Padly,UK,After Nines,21-01-2022,18697,176
1010,Kaine Padly,Canada,After Nines,22-08-2022,5845,172
1011,Kaine Padly,UK,Drinking Coco,27-01-2022,2317,224
1012,Rafaelita Blaksland,UK,50% Dark Bites,16-02-2022,10150,68
1013,Dotty Strutley,USA,Raspberry Choco,03-01-2022,3437,46
1014,Karlen McCaffrey,USA,White Choc,24-08-2022,4592,2
1015,Oby Sorrel,USA,Spicy Special Slims,07-02-2022,5691,417
1016,Mallorie Waber,Australia,Smooth Sliky Salty,11-02-2022,4158,109
1017,Kaine Padly,Canada,Organic Choco Syrup,29-03-2022,5684,81
1018,Marney O'Breen,USA,Peanut Butter Cubes,15-06-2022,693,350
1019,Dennison Crosswaite,UK,Smooth Sliky Salty,26-04-2022,546,142
1020,Brien Boise,Australia,Organic Choco Syrup,15-07-2022,4263,264
1021,Beverie Moffet,India,Organic Choco Syrup,23-06-2022,1036,20
1022,Dennison Crosswaite,Australia,Baker's Choco Chips,11-01-2022,13846,421
1023,Beverie Moffet,UK,50% Dark Bites,09-02-2022,2499,271
1024,Van Tuxwell,UK,Almond Choco,06-06-2022,10689,204
1025,Dotty Strutley,UK,Caramel Stuffed Bars,10-08-2022,5768,235
1026,Wilone O'Kielt,Australia,Smooth Sliky Salty,04-01-2022,2226,46
1027,Andria Kimpton,Canada,70% Dark Bites,08-04-2022,10262,15
1028,Barr Faughny,UK,Milk Bars,02-03-2022,3864,430
1029,Van Tuxwell,Canada,Drinking Coco,15-06-2022,4900,709
1030,Jehu Rudeforth,Australia,After Nines,14-02-2022,5250,47
1031,Husein Augar,UK,After Nines,05-07-2022,3507,380
1032,Barr Faughny,India,Mint Chip Choco,12-01-2022,7413,465
1033,Curtice Advani,India,Mint Chip Choco,03-03-2022,8155,96
1034,Jehu Rudeforth,New Zealand,Milk Bars,18-05-2022,2478,188
1035,Gunar Cockshoot,India,Caramel Stuffed Bars,28-07-2022,2471,202
1036,Curtice Advani,UK,Manuka Honey Choco,07-02-2022,1666,106
1037,Andria Kimpton,India,Orange Choco,30-05-2022,301,421
1038,Mallorie Waber,Australia,Raspberry Choco,25-04-2022,8400,27
1039,Beverie Moffet,Canada,85% Dark Bars,16-02-2022,6139,45
1040,Kelci Walkden,Australia,Drinking Coco,04-05-2022,1288,60
1041,Van Tuxwell,Canada,70% Dark Bites,02-06-2022,7077,77
1042,Dennison Crosswaite,USA,Caramel Stuffed Bars,11-07-2022,2317,464
1043,Beverie Moffet,New Zealand,Spicy Special Slims,07-06-2022,63,60
1044,Jan Morforth,UK,Almond Choco,06-07-2022,9744,157
1045,Husein Augar,India,Raspberry Choco,15-06-2022,9954,154
1046,Dotty Strutley,India,Mint Chip Choco,14-04-2022,1260,239
1047,Camilla Castle,India,Drinking Coco,08-08-2022,469,163
1048,Marney O'Breen,UK,Drinking Coco,29-03-2022,973,28
1049,Roddy Speechley,Australia,Organic Choco Syrup,04-07-2022,3647,76
1050,Ches Bonnell,India,99% Dark & Pure,16-02-2022,455,96
1051,Rafaelita Blaksland,Canada,Spicy Special Slims,02-05-2022,2520,156
1052,Van Tuxwell,India,Eclairs,21-07-2022,10500,106
1053,Gunar Cockshoot,Australia,99% Dark & Pure,18-08-2022,7952,235
1054,Kaine Padly,USA,85% Dark Bars,22-06-2022,483,259
1055,Camilla Castle,UK,Peanut Butter Cubes,19-07-2022,4872,126
1056,Madelene Upcott,UK,Peanut Butter Cubes,12-08-2022,7756,85
1057,Madelene Upcott,USA,Choco Coated Almonds,07-06-2022,5446,132
1058,Marney O'Breen,Canada,Peanut Butter Cubes,08-03-2022,6594,91
1059,Ches Bonnell,Australia,Choco Coated Almonds,08-04-2022,1470,167
1060,Curtice Advani,Canada,Eclairs,06-05-2022,721,203
1061,Roddy Speechley,India,Drinking Coco,31-05-2022,4494,11
1062,Van Tuxwell,Australia,Mint Chip Choco,13-01-2022,2674,295
1063,Dennison Crosswaite,USA,70% Dark Bites,15-03-2022,658,77
1064,Andria Kimpton,Canada,Peanut Butter Cubes,16-02-2022,1127,319
1065,Gigi Bohling,USA,70% Dark Bites,14-01-2022,7364,196
1066,Rafaelita Blaksland,Australia,White Choc,21-03-2022,6818,102
1067,Roddy Speechley,Canada,Drinking Coco,17-05-2022,6776,312
1068,Camilla Castle,New Zealand,85% Dark Bars,08-08-2022,15099,55
1069,Madelene Upcott,Canada,Milk Bars,26-04-2022,3612,82
1070,Madelene Upcott,Australia,70% Dark Bites,15-04-2022,3710,260
1071,Oby Sorrel,Canada,Eclairs,19-05-2022,6111,591
1072,Dennison Crosswaite,Canada,Drinking Coco,10-01-2022,2702,24
1073,Mallorie Waber,New Zealand,After Nines,04-05-2022,483,228
1074,Roddy Speechley,Canada,White Choc,05-04-2022,5887,268
1075,Andria Kimpton,India,After Nines,17-01-2022,952,68
1076,Roddy Speechley,India,Spicy Special Slims,22-03-2022,10647,173
1077,Dotty Strutley,Australia,White Choc,05-07-2022,6055,93
1078,Oby Sorrel,Canada,Orange Choco,27-04-2022,8757,338
1079,Kaine Padly,Canada,Almond Choco,12-08-2022,6055,73
1080,Jan Morforth,UK,Baker's Choco Chips,11-03-2022,721,251
1081,Jehu Rudeforth,UK,Fruit & Nut Bars,13-05-2022,8589,229
1082,Dennison Crosswaite,USA,Smooth Sliky Salty,12-05-2022,11781,91
1083,Brien Boise,USA,Raspberry Choco,12-01-2022,672,194
1084,Madelene Upcott,New Zealand,Milk Bars,29-03-2022,12558,403
1085,Roddy Speechley,India,50% Dark Bites,14-03-2022,8337,12
1086,Barr Faughny,New Zealand,99% Dark & Pure,24-05-2022,8134,195
1087,Dennison Crosswaite,Canada,Organic Choco Syrup,28-01-2022,8491,75
1088,Beverie Moffet,India,Almond Choco,24-05-2022,3066,96
1089,Brien Boise,Australia,Peanut Butter Cubes,19-08-2022,301,205
1090,Karlen McCaffrey,Australia,Spicy Special Slims,17-05-2022,4410,323
1091,Jehu Rudeforth,USA,White Choc,07-06-2022,6559,119
1092,Ches Bonnell,Canada,Organic Choco Syrup,26-07-2022,574,217
1093,Dotty Strutley,India,Eclairs,28-07-2022,2086,384
1094,Karlen McCaffrey,India,70% Dark Bites,23-05-2022,5075,344
